<?xml version="1.0" encoding="utf-8" standalone="yes" ?>
<rss version="2.0" xmlns:atom="http://www.w3.org/2005/Atom">
  <channel>
    <title>Cofragem Silva</title>
    <link>./</link>
    <description>Recent content on Cofragem Silva</description>
    <generator>Hugo -- gohugo.io</generator>
    <language>pt-pt</language>
    <lastBuildDate>Sun, 25 Aug 2019 21:41:02 +0100</lastBuildDate>
    
	<atom:link href="./index.xml" rel="self" type="application/rss+xml" />
    
    
    <item>
      <title>Portefólio</title>
      <link>./portefolio/</link>
      <pubDate>Sun, 25 Aug 2019 21:41:02 +0100</pubDate>
      
      <guid>./portefolio/</guid>
      <description>Conheça alguns dos nossos trabalhos    Piscina - Ferragudo Junho 2019
Bora descrição à maneira, também se não quiseres é só tirar. Toca a pensar nisso.    Muro - Ferragudo Maio 2019
Bora descrição à maneira, também se não quiseres é só tirar. Toca a pensar nisso.    Prédio - Carvoeiro Abril 2019
Bora descrição à maneira, também se não quiseres é só tirar. Toca a pensar nisso.</description>
    </item>
    
  </channel>
</rss>